case,KCAS,real_mass,method,opt_mass,pred_stress,vp,vf,pct_lighter,wall_s,n_eval,feasible,n_restarts
0,33.0807035965845,785.6911217,de_eps,66.15586092136566,70.66530611393256,0.7994523062906115,0.5613786183353379,91.57991491895388,11.960127353668213,169685,True,
0,33.0807035965845,785.6911217,cma_es,57.46064591612616,87.86980803761054,0.8107117593342827,0.5523940227578122,92.68661127393185,21.418293237686157,26172,True,
0,33.0807035965845,785.6911217,scbo,68.2349975060677,81.44014097504109,0.7920009898540792,0.544251381320103,91.31528973390617,74.9736602306366,1512,True,1.0
0,33.0807035965845,785.6911217,qlognei,58.45250137564442,85.26143007824224,0.8066186888159637,0.5469528524499393,92.56037140280131,111.98865413665771,400,True,
0,33.0807035965845,785.6911217,pfn_cei,65.58697337943737,42.44600530892299,0.7819322233361304,0.5463792869530951,91.65232092256218,33.77546143531799,1008,True,
0,33.0807035965845,785.6911217,pfn_ucb,61.720768294949174,70.06732621387687,0.8041874944781126,0.5493539029076345,92.14439789501452,9.508412599563599,1008,True,
1,55.40411051083356,233.6778576,de_eps,25.00057975857112,38.52206009706076,0.26081522462497136,0.15660034951706434,89.30126285162795,8.00659728050232,169685,True,
1,55.40411051083356,233.6778576,cma_es,25.00002202647826,47.80364182598928,0.25778269413935073,0.21286648324105933,89.30150152725541,17.614079236984253,27400,True,
1,55.40411051083356,233.6778576,scbo,25.001993027730762,29.817060213795855,0.2575465069763736,0.13507811027073455,89.30065805784298,46.438193798065186,1512,True,2.0
1,55.40411051083356,233.6778576,qlognei,25.39411819620783,32.51994432643487,0.25809784842881,0.13523834787197483,89.1328521850468,132.38221383094788,400,True,
1,55.40411051083356,233.6778576,pfn_cei,25.005997105464086,53.950443348926164,0.23370886488099948,0.1702771430906681,89.29894455457209,32.352967739105225,1008,True,
1,55.40411051083356,233.6778576,pfn_ucb,25.000600347875853,71.22023189275733,0.36087748457898144,0.14064489714548206,89.30125404064991,8.74223804473877,1008,True,
2,76.20366725232452,317.6549295,de_eps,25.00005233378603,68.5780186083338,0.3643648723729911,0.10510058645905981,92.12980816222907,8.173911094665527,169685,True,
2,76.20366725232452,317.6549295,cma_es,25.000002829471256,97.36335356609881,0.3208142000290932,0.1362780292597036,92.12982374653458,15.276888132095337,25756,True,
2,76.20366725232452,317.6549295,scbo,25.013918428646704,74.31230716136014,0.3193884653994419,0.11540385489397777,92.12544301830307,36.89750862121582,1512,True,2.0
2,76.20366725232452,317.6549295,qlognei,25.312959084333517,187.5709330607541,0.3429838957278368,0.116019621998682,92.03130292226946,130.58585000038147,400,True,
2,76.20366725232452,317.6549295,pfn_cei,25.005505482133113,108.83877344133778,0.34558816846383605,0.10565722423825485,92.12809147287824,32.42566275596619,1008,True,
2,76.20366725232452,317.6549295,pfn_ucb,25.00178305875126,108.75385614655616,0.33828081516172764,0.14204619973294613,92.12926331786983,9.149999618530273,1008,True,
3,104.18958813883364,343.3057257,de_eps,25.000483521736317,117.93114457897339,0.3713330779172607,0.131110015922166,92.71772019800707,10.883955240249634,169685,True,
3,104.18958813883364,343.3057257,cma_es,25.000007586890785,207.73302939845507,0.44713127301544453,0.1601011111096991,92.71785883095431,24.16037607192993,27364,True,
3,104.18958813883364,343.3057257,scbo,25.004827220945117,103.17157322693721,0.35373732089068743,0.14461512087089512,92.71645494115768,47.78834009170532,1512,True,2.0
3,104.18958813883364,343.3057257,qlognei,26.020157896155826,216.17970448145314,0.36684511044252216,0.22738288045967275,92.42070377850509,132.84009647369385,400,True,
3,104.18958813883364,343.3057257,pfn_cei,25.000645824818463,257.60913695663425,0.384783189574827,0.13373739161834455,92.71767292146316,32.427738428115845,1008,True,
3,104.18958813883364,343.3057257,pfn_ucb,25.00210020649937,188.70286983526142,0.4261716219316766,0.18711166358372042,92.71724928108317,8.930880308151245,1008,True,
4,138.66967720724642,206.6783321,de_eps,25.000050586496286,225.03814044062398,0.3972680776208791,0.11818773470874391,87.9038841021805,7.079235315322876,169685,True,
4,138.66967720724642,206.6783321,cma_es,25.000069062330983,238.96091939874785,0.5093856635909237,0.11367650979467692,87.90387516276508,14.85331678390503,27068,True,
4,138.66967720724642,206.6783321,scbo,25.000501532331928,180.37928074068583,0.4188085687363623,0.0789805692694861,87.90366591489834,43.13220143318176,1512,True,2.0
4,138.66967720724642,206.6783321,qlognei,27.99828587146454,305.11664438380285,0.40174210321819714,0.08677062805167009,86.4532069777311,130.6823287010193,400,True,
4,138.66967720724642,206.6783321,pfn_cei,25.003222659329424,307.0070032283724,0.4030372388124142,0.09940101323058567,87.90234931486103,33.087040424346924,1008,True,
4,138.66967720724642,206.6783321,pfn_ucb,25.001388250868896,278.39140873548723,0.5172144168171404,0.08532358793908584,87.90323688175877,8.798460245132446,1008,True,
5,245.26810976490376,465.2220948,de_eps,25.000481387639308,200.92573786804843,0.233851243970182,0.08637410934719708,94.62611908009505,7.28700590133667,169685,True,
5,245.26810976490376,465.2220948,cma_es,25.15507111536467,123.36836566058963,0.23432912136821607,0.0767073601165238,94.59288984841125,11.251868963241577,21620,True,
5,245.26810976490376,465.2220948,scbo,25.2586309207209,288.30213104493026,0.22440705218772142,0.08328418628265809,94.57062955456153,58.250049352645874,1512,True,1.0
5,245.26810976490376,465.2220948,qlognei,25.200643288086884,234.3048122230328,0.23263879436839666,0.07998793694131646,94.58309405985528,131.78407835960388,400,True,
5,245.26810976490376,465.2220948,pfn_cei,25.005638782346082,301.6554050725198,0.2484609286437744,0.07882643119847771,94.62501049244102,32.812050580978394,1008,True,
5,245.26810976490376,465.2220948,pfn_ucb,30.458432528418147,180.69017261206386,0.2275127348738741,0.07483324749099568,93.45292649062331,8.632664680480957,1008,True,
