case,KCAS,real_mass,method,opt_mass,pred_stress,vp,vf,pct_lighter,wall_s,n_eval,feasible,seed,n_restarts
0,33.0807035965845,785.6911217,de_eps,66.15586092136566,70.66530611393256,0.7994523062906115,0.5613786183353379,91.57991491895388,7.153432369232178,169685,True,0,
0,33.0807035965845,785.6911217,cma_es,57.46064591612616,87.86980803761054,0.8107117593342827,0.5523940227578122,92.68661127393185,13.59993028640747,26812,True,0,
0,33.0807035965845,785.6911217,scbo,68.2349975060677,81.44014097504109,0.7920009898540792,0.544251381320103,91.31528973390617,69.52260899543762,1512,True,0,1.0
0,33.0807035965845,785.6911217,qlognei,58.45250137564442,85.26143007824224,0.8066186888159637,0.5469528524499393,92.56037140280131,111.77646684646606,400,True,0,
0,33.0807035965845,785.6911217,pfn_cei,65.58697337943737,42.44600530892299,0.7819322233361304,0.5463792869530951,91.65232092256218,32.57256460189819,1008,True,0,
0,33.0807035965845,785.6911217,pfn_ucb,61.720768294949174,70.06732621387687,0.8041874944781126,0.5493539029076345,92.14439789501452,8.667045593261719,1008,True,0,
0,33.0807035965845,785.6911217,de_eps,64.62944442141657,72.17576747420452,0.7962673755949548,0.5865550380089631,91.77419183742616,7.0675365924835205,169685,True,1,
0,33.0807035965845,785.6911217,cma_es,57.355240521309014,67.5215115343542,0.8066741350284944,0.5435626297984769,92.70002690151195,16.2656729221344,26416,True,1,
0,33.0807035965845,785.6911217,scbo,68.99307709227392,82.36814118415685,0.8317844332813271,0.5491973050036689,91.21880403293936,68.24973440170288,1512,True,1,1.0
0,33.0807035965845,785.6911217,qlognei,58.45250137564442,85.26143007824224,0.8066186888159637,0.5469528524499393,92.56037140280131,116.73241090774536,400,True,1,
0,33.0807035965845,785.6911217,pfn_cei,58.563334727611675,73.6255231514523,0.8026477863942055,0.543746883031869,92.54626492394387,32.2976131439209,1008,True,1,
0,33.0807035965845,785.6911217,pfn_ucb,60.32137737150398,54.15765595321499,0.8219801110703756,0.5437244562761655,92.32250744529394,8.7666757106781,1008,True,1,
0,33.0807035965845,785.6911217,de_eps,64.85154875932207,53.12030341758897,0.7937000322739783,0.5557059664429209,91.74592317920013,7.639319658279419,169685,True,2,
0,33.0807035965845,785.6911217,cma_es,61.37886421630178,66.39333862207731,0.7863588962550482,0.5584165653830843,92.18791424249567,13.517278671264648,24620,True,2,
0,33.0807035965845,785.6911217,scbo,97.81072855073165,47.12566364760672,0.7977046214070624,0.5526047844282015,87.55099480580887,47.65849184989929,1512,True,2,2.0
0,33.0807035965845,785.6911217,qlognei,58.45250137564442,85.26143007824224,0.8066186888159637,0.5469528524499393,92.56037140280131,116.41235208511353,400,True,2,
0,33.0807035965845,785.6911217,pfn_cei,58.52506980154272,63.894919131640584,0.7984233933446899,0.54386160568264,92.55113514902497,32.32735800743103,1008,True,2,
0,33.0807035965845,785.6911217,pfn_ucb,86.87499799194167,30.024119372298273,0.8481541887800378,0.5499077951794821,88.94285609286635,9.12174129486084,1008,True,2,
